name,pages,sections,subSections,size
P001.pdf,3,4,6,53446
P002.pdf,15,6,0,94397
P003.pdf,5,6,0,51561
P004.pdf,7,8,11,159972
P005.pdf,4,5,3,135518
P006.pdf,7,6,0,61178
P007.pdf,5,5,3,59917
P008.pdf,5,4,0,68208
P009.pdf,5,6,3,162469
P010.pdf,6,4,12,76889
P011.pdf,5,4,5,135842
P012.pdf,12,5,5,180050
P013.pdf,2,6,0,105166
P014.pdf,3,3,1,41000
P015.pdf,4,5,7,76567
P016.pdf,10,6,0,72149
P017.pdf,9,7,10,193077
P018.pdf,6,6,0,82849
P019.pdf,7,8,0,133693
P020.pdf,6,6,0,54654
P021.pdf,3,4,6,106500
P022.pdf,6,6,0,72389
P023.pdf,6,6,7,127581
P024.pdf,9,7,0,76687
P025.pdf,8,6,9,150680
P026.pdf,6,6,0,56747
P027.pdf,5,6,4,105128
P028.pdf,7,8,0,158102
P029.pdf,6,5,6,58142
P030.pdf,4,4,3,80883
P031.pdf,5,7,7,122371
P032.pdf,14,6,0,107488
P033.pdf,6,5,3,128518
P034.pdf,6,8,13,124917
P035.pdf,6,6,0,57360
P036.pdf,14,6,0,92027
P037.pdf,4,5,9,48705
P038.pdf,10,6,0,82881
P039.pdf,13,6,3,86808
P040.pdf,3,5,0,43465
P041.pdf,8,6,0,66157
P042.pdf,3,6,0,132043
P043.pdf,14,6,3,116346
P044.pdf,5,6,8,130976
P045.pdf,8,5,6,131849
P046.pdf,6,5,5,155136
P047.pdf,15,6,0,95176
P048.pdf,14,6,0,91044
P049.pdf,5,6,0,54353
P050.pdf,5,5,9,50931
P051.pdf,5,5,1,102648
P052.pdf,5,6,0,54713
P053.pdf,14,6,0,89155
P054.pdf,10,20,19,150638
P055.pdf,3,7,6,46305
P056.pdf,13,12,0,85221
P057.pdf,2,4,0,37314
P058.pdf,7,6,15,154967
P059.pdf,8,6,17,165393
P060.pdf,8,5,2,156068
P061.pdf,10,7,6,186665
P062.pdf,7,6,0,62428
P063.pdf,3,4,2,41593
P064.pdf,7,6,0,61287
P065.pdf,3,5,2,48488
P066.pdf,6,5,4,128360
P067.pdf,4,5,5,86985
P068.pdf,6,6,0,56364
P069.pdf,13,6,0,87855
P070.pdf,11,6,0,79649
P071.pdf,4,4,5,77231
P072.pdf,2,4,1,38519
P073.pdf,14,6,0,92173
P074.pdf,3,9,5,97823
P075.pdf,5,5,5,50802
P076.pdf,11,9,0,95478
P077.pdf,11,6,0,79649
P078.pdf,5,6,0,55239
P079.pdf,2,2,2,67091
P080.pdf,9,4,13,70507
P081.pdf,8,6,0,75363
P082.pdf,3,4,10,63572
P083.pdf,5,4,2,57853
P084.pdf,6,7,8,57349
P085.pdf,7,7,8,168404
P086.pdf,13,6,0,88874
P087.pdf,6,4,9,139683
P088.pdf,11,5,5,186265
P089.pdf,4,4,4,159235
P090.pdf,6,6,0,58746
P091.pdf,5,7,5,54724
P092.pdf,6,5,18,97349
P093.pdf,6,6,5,56362
P094.pdf,14,6,0,91811
P095.pdf,6,6,7,164040
P096.pdf,14,6,0,92932
P097.pdf,14,9,3,91125
P098.pdf,5,6,0,52106
P099.pdf,5,5,10,99958
P100.pdf,15,9,3,91715
P101.pdf,3,3,3,97786
P102.pdf,8,5,6,112265
P103.pdf,4,8,14,129918
P104.pdf,11,6,7,172249
P105.pdf,14,6,0,90420
P106.pdf,5,6,0,55093
P107.pdf,12,6,0,82391
P108.pdf,2,3,0,37147
P109.pdf,4,6,1,92849
P110.pdf,3,4,6,48789
P111.pdf,15,9,23,222784
P112.pdf,5,6,8,168726
P113.pdf,4,4,8,106841
P114.pdf,4,3,2,47813
P115.pdf,5,4,10,56971
P116.pdf,8,7,0,76651
P117.pdf,9,8,10,131133
P118.pdf,5,7,1,54686
P119.pdf,14,6,0,90979
P120.pdf,5,5,10,51869
P121.pdf,6,5,0,80315
P122.pdf,6,7,8,112134
P123.pdf,9,6,9,121447
P124.pdf,7,6,0,60404
P125.pdf,9,4,14,69909
P126.pdf,8,6,0,61094
P127.pdf,3,4,2,39399
P128.pdf,10,9,2,163311
P129.pdf,14,11,0,107248
P130.pdf,6,6,0,57147
P131.pdf,3,3,3,119326
P132.pdf,5,6,0,53785
P133.pdf,6,6,1,127157
P134.pdf,12,6,0,85144
P135.pdf,7,9,2,203205
